Type,Tensile Strength (kN/m),Puncture Resistance (N),Permittivity (s⁻¹),Filtration Efficiency (%),Recycled Content (%),Biobased Content (%),UV Strength Retained (% after 500h),Material Cost (PHP/m²),Installation Cost (PHP/m²)
Recycled PET Nonwoven,20.9,1431.47,1.099,94.2,40,0,71.2,62.15,27.4
PET Woven,88,1343.28,0.388,90.8,10,0,78.9,242.99,93.41
Hybrid (PP+Coir),11.63,705.46,0.86,77.4,0,100,35.1,51.26,17.58
Recycled PET Nonwoven,39.98,1075.37,1.341,94.2,60,0,65.2,157.83,76.1
PP Woven,127.92,1398.12,0.364,93.1,30,0,80,317.25,137.72
Glass Fiber Composite,129.32,1273.18,0.25,80.3,0,0,90.2,213.64,64.85
PP Nonwoven,46.95,1007.31,1.546,93.3,0,0,78.9,176.13,68.57
Coir Woven,132.27,1935.38,0.339,89,10,100,71.9,587.77,255.41
PP Woven,147.95,1204.14,0.486,92.8,10,0,82.3,517.32,252.68
PP Nonwoven,29.27,1459.38,0.817,93.8,30,0,70.5,74.96,23.27
Glass Fiber Composite,131.52,1006.91,0.083,73.4,30,0,84.1,457.79,117.06
Recycled PET Nonwoven,12.07,1311.79,0.94,92,100,0,72.2,40.03,12.67
PP Woven,126.13,1410.79,0.361,87.8,0,0,78.9,449.1,150.79
PET Woven,86.43,1603.86,0.485,86.6,10,0,81.9,308.09,147.55
PET Woven,89.47,1706.06,0.287,89.2,0,0,78.8,314.66,125.93
PLA Nonwoven,35.73,1227.96,1.067,94,10,100,67.3,120.96,59.54
PET Woven,91.3,1860.6,0.31,90.7,30,0,71.6,301.51,115.31
Hybrid (PP+Coir),25.26,620.86,0.943,70.7,0,100,23.4,55.6,19.55
Recycled PET Nonwoven,39.81,1150.91,0.903,96.8,60,0,74.7,165.92,73.8
PP Nonwoven,20.21,1174.78,0.976,95.8,30,0,78.7,63.61,28.12
Recycled PET Nonwoven,32.06,1109.39,1.364,94.1,20,0,75.3,103.14,46.21
PP Nonwoven,20.47,1378.5,1.255,90.5,30,0,68.4,40.45,17.71
PET Woven,78.94,1519.71,0.43,90.8,0,0,79.3,344.74,91.71
PP Woven,80.37,1803.57,0.274,88.4,30,0,76.8,271.37,123.72
PP Woven,72.24,1839.42,0.344,86.2,10,0,75.6,123.17,58.35
PLA Nonwoven,10.74,1298.67,1.732,94.3,30,100,67.7,21.15,10.15
HDPE Grid,120.96,1270.51,0.285,78.4,10,0,94.6,454.22,203.23
Hybrid (PP+Coir),23.59,753.21,1.045,79.8,30,100,27,102.66,40.47
Coir Woven,115.34,1336.67,0.274,93.1,0,100,77.5,217.66,57.54
PET Woven,86.46,1635.99,0.47,88.1,30,0,82.3,202.22,71.76
Recycled PET Nonwoven,24.15,1155.22,1.194,92.8,40,0,73.6,60.96,23.76
PP Nonwoven,31.47,1165.38,1.287,97.5,30,0,70.8,127.23,61.64
PP Woven,103.51,1560.96,0.321,90.1,0,0,84.8,372.08,118
Hybrid (PP+Coir),26.76,709.78,0.999,78.5,10,100,34,61.48,26.91
HDPE Grid,239.43,1345.32,0.23,73.8,30,0,90.5,545.52,230.35
Glass Fiber Composite,190.36,1532.46,0.189,81.9,10,0,81,636.92,277.11
PP Nonwoven,18.94,1293.22,1.407,96.3,30,0,79.9,25.79,8.68
PET Woven,122.42,1993.38,0.211,92,0,0,84.5,171.31,48.19
PP Nonwoven,28.45,1452.93,1.55,96.1,30,0,70.1,100.29,37.63
PET Woven,92.75,1413.44,0.293,91.5,30,0,75.3,352.71,117.29
HDPE Grid,86.88,1503.62,0.273,71.5,10,0,84.3,228.64,62.99
PLA Nonwoven,36.44,1283.02,1.566,96,10,100,73.2,106.72,31.85
Recycled PET Nonwoven,13.11,1491.36,1.543,90.6,100,0,74.2,25.6,7.84
PP Nonwoven,24.31,1304.17,1.141,93.1,30,0,76.4,95.04,47.19
Coir Woven,89.61,1686.97,0.292,88,30,100,76.7,255.42,90.77
PLA Nonwoven,45.31,1049.08,1.751,91,30,100,74.5,123.97,39.22
PET Woven,64.72,1664.51,0.342,92.7,10,0,82.4,98.83,45.2
PP Nonwoven,12.46,855.47,1.023,93.1,30,0,69.1,31.98,8.35
PP Nonwoven,31.6,958.52,1.543,97.9,10,0,68.5,106.12,45.38
PET Woven,147.77,1966.51,0.297,87.3,10,0,77.4,290.07,76.1
PET Woven,63.32,1437.81,0.408,89.4,0,0,82.3,95.17,42.71
PP Woven,68.96,1216.49,0.469,89.9,30,0,79.9,203.02,69.77
PP Nonwoven,16.56,955.95,1.227,90.3,30,0,68.8,32.53,13.96
PET Woven,130.76,1996.57,0.281,90.8,0,0,71.5,410.1,116.35
Recycled PET Nonwoven,36.26,952.65,1.167,90.5,80,0,77.5,47.35,15.68
Recycled PET Nonwoven,12.14,894.21,1.366,92.8,0,0,77.9,53.58,21.13
Recycled PET Nonwoven,35.23,1332.62,1.784,96.5,60,0,73.6,146.91,38.69
Recycled PET Nonwoven,26.9,1259.77,1.597,91.8,100,0,69.9,41.2,11.1
Coir Woven,90.24,1229.7,0.324,93.7,10,100,72.1,382.32,137.25
Recycled PET Nonwoven,25.9,1155.98,1.066,96.2,60,0,71.1,73.39,20.61
PP Woven,106.39,1373.02,0.319,90.2,0,0,72.8,197.25,79.93
PP Woven,57,1372.87,0.351,90,10,0,76.2,176.24,78.51
PP Nonwoven,44.3,877.45,1.72,91.8,30,0,78.3,172.34,75.99
PP Woven,129.4,1821.16,0.249,86.3,30,0,75.5,332,86.64
PET Woven,59.95,1829.84,0.382,92.7,0,0,78.4,158.55,44.12
Recycled PET Nonwoven,17.96,899.76,0.854,97,20,0,77.7,55.17,25.34
HDPE Grid,88.7,1565.54,0.271,74.8,10,0,80.5,334.91,136.65
PP Nonwoven,32.46,1447.58,0.931,94.4,0,0,69,117.93,56.41
PP Woven,113.33,1810.57,0.401,85.9,0,0,77.4,436.85,145.21
HDPE Grid,165.75,929.03,0.227,76.2,30,0,93.3,620.64,293.95
PET Woven,128.59,1993.29,0.397,93.6,10,0,81.3,309.98,143.28
PP Nonwoven,43.56,1326.69,0.864,94.9,30,0,79.6,119.72,59.52
PET Woven,107.86,1384,0.369,88.1,30,0,84,393.38,163.35
Recycled PET Nonwoven,31.94,1063.45,1.35,95.8,100,0,66.8,72.93,26.59
Hybrid (PP+Coir),23.84,508.26,0.63,84.5,0,100,39.1,32.69,15.94
PP Woven,112.79,1941.93,0.206,86.4,0,0,79.1,421.42,165.04
PP Nonwoven,35.98,802.02,1.384,97.4,10,0,72.9,106.89,41.05
Hybrid (PP+Coir),19.21,598.45,0.676,84.2,10,100,36,64.33,28.78
PET Woven,98.54,1784.46,0.257,94.5,10,0,75.1,370.32,100.17
Hybrid (PP+Coir),13.53,745.05,0.987,71.2,0,100,27.3,51.56,21.74
PP Woven,111.01,1830.68,0.349,93.5,30,0,79,318.34,89.45
PET Woven,73.19,1828.05,0.477,90.3,10,0,81.8,194.12,48.93
PP Nonwoven,16.96,826.71,1.531,95.4,0,0,72.5,62.13,26.45
Coir Woven,129.79,1244.37,0.451,93.1,10,100,80.1,494.57,169.63
Coir Woven,127.13,1652.97,0.281,89.2,10,100,74.4,229.19,99.84
PP Nonwoven,37.43,1175.73,0.992,91.8,30,0,70.5,106.47,48.59
Glass Fiber Composite,170.93,1596.22,0.203,79.8,0,0,90.9,520.75,246
HDPE Grid,100.32,1262.41,0.202,74.6,0,0,89.4,258.93,72.77
PLA Nonwoven,31.06,1150.4,1.407,97.8,30,100,68,101.5,46.8
Hybrid (PP+Coir),11.62,560.52,1.086,73.9,30,100,25.5,15.89,6.31
PET Woven,124.75,1796.99,0.398,93.6,30,0,81.7,554.55,265.89
HDPE Grid,121.09,1317.13,0.166,76.7,0,0,80.6,160.75,45.66
PP Nonwoven,41.59,1266.09,1.273,91.3,10,0,74.8,96.08,44.41
PP Woven,125.46,1741.51,0.24,90.5,30,0,74.6,457.15,153.07
Recycled PET Nonwoven,44.09,1020.23,1.202,97,100,0,66.9,60.99,20.87
PLA Nonwoven,46.53,1007.29,0.886,95,10,100,66,130.15,58.31
Glass Fiber Composite,234.34,1466.06,0.109,79,10,0,86.7,916.91,252.29
PP Nonwoven,25.3,1028.19,1.243,93.6,30,0,70.1,53.98,22.51
PET Woven,114.93,1935.87,0.395,89.7,10,0,73.1,252.06,83.48
PP Nonwoven,17.24,1401.55,1.66,92,0,0,70.4,64.72,20.02
PP Nonwoven,15.57,1096.85,0.951,91.2,30,0,72.3,63.36,18.29
PP Woven,147.84,1598.23,0.424,88.2,10,0,70.6,266.25,129.29
PP Woven,120.56,1548.41,0.391,91.7,30,0,75.8,477.4,195.71
PET Woven,111.1,1722.23,0.231,88.7,30,0,84,209.71,53.96
PP Woven,83.95,1464.54,0.488,91.2,30,0,73.8,306.18,137.46
PP Nonwoven,13.21,1129.97,0.969,92.7,30,0,66.5,52.39,17.72
Recycled PET Nonwoven,31.79,1276.19,1.505,90.6,40,0,76.6,64.63,24.52
PP Nonwoven,22.35,1095.59,1.76,93.5,0,0,70.7,68.86,24.82
PET Woven,91.31,1937.23,0.375,93.6,30,0,70.7,335.3,110.55
PP Woven,132.38,1215.17,0.457,88.7,10,0,75.9,567.17,196.68
PP Woven,82.98,1980.41,0.493,86.5,0,0,79.4,337.76,156.65
Recycled PET Nonwoven,43.77,1212.87,1.362,91.9,0,0,68.3,132.93,48.79
PP Nonwoven,11.38,1376.79,1.033,92.4,30,0,76,51.21,16.05
PP Woven,50.8,1893.3,0.319,86.1,0,0,83.3,186.3,66.41
PP Nonwoven,40.04,974.36,1.051,90.8,0,0,67.9,145.41,72.09
Coir Woven,87.8,1449.03,0.224,90.7,30,100,78.9,351.99,164.5
HDPE Grid,129.21,927.6,0.107,82.7,30,0,83,348.81,138.44
PP Nonwoven,21,1183.78,0.995,97.8,10,0,75.1,63.21,24.67
HDPE Grid,93.06,1372.72,0.137,81.7,10,0,86.9,312.28,127.37
PP Nonwoven,43.54,929.38,1.415,91.1,0,0,77.7,188.94,54.33
Glass Fiber Composite,206.35,1316.93,0.295,73.5,0,0,93.9,630.37,168.2
Recycled PET Nonwoven,29.52,807.84,1.119,93.2,0,0,76.4,44.34,22.02
PP Woven,80.89,1714.79,0.478,88.8,10,0,71.8,257.05,126.53
PET Woven,105.68,1241.21,0.339,91.6,30,0,72.4,182.46,85.55
PP Nonwoven,22.56,854.2,1.653,96.8,30,0,69.2,68.42,22.15
PP Nonwoven,29.87,1323.37,1.767,97.6,0,0,77.9,66.88,30.42
PP Woven,70.37,1562.24,0.391,91.2,10,0,72.4,188.77,77.05
Glass Fiber Composite,97.95,1059.37,0.194,82,0,0,81.8,252.36,90.48
PP Woven,60.97,1621,0.37,93.3,10,0,73.7,142.88,69.54
Glass Fiber Composite,138.02,1379.6,0.228,80.1,10,0,83.7,394.84,195.91
PP Nonwoven,20.98,1184.15,1.244,93.3,30,0,71.3,38.06,9.92
PP Nonwoven,30.41,807.57,1.272,95.1,30,0,77.7,51.66,19.8
Hybrid (PP+Coir),22.51,777.99,0.747,84.4,0,100,37.2,57.88,25.98
HDPE Grid,154.57,1445.88,0.072,79.7,0,0,84.2,442.44,218.59
PP Nonwoven,22.27,980.83,1.621,97.3,30,0,67.2,43.74,19.09
PP Woven,140.47,1731.62,0.484,90,0,0,82.5,247.67,120.38
HDPE Grid,93.54,1513.23,0.219,79.4,30,0,87.7,299.44,101.59
Glass Fiber Composite,135.44,1115.4,0.198,84,0,0,84.4,480.31,184.35
HDPE Grid,169.44,1009.92,0.11,72.7,30,0,80.2,610.39,231.93
HDPE Grid,173.75,1153.57,0.097,80.8,30,0,92.7,625.38,287.93
Coir Woven,127.26,1896.03,0.426,89.2,10,100,82.9,414.7,119.49
HDPE Grid,238.3,921.3,0.122,70.7,0,0,83.8,451.02,129.52
PLA Nonwoven,46.83,1189.11,1.227,95.4,10,100,69.9,160.56,41
PET Woven,54.52,1713.78,0.352,91.9,0,0,82.7,138.82,55.41
PET Woven,129.02,1784.43,0.421,92.5,30,0,79.1,441.24,166.41
PP Woven,53.01,1584.05,0.221,91,10,0,83.2,112.13,32.33
PP Woven,72.77,1258.75,0.487,93.6,0,0,75.5,325.59,102.68
HDPE Grid,115.84,1386.17,0.223,78.4,0,0,83.7,427.43,182
PET Woven,69.95,1792.79,0.407,94.1,0,0,74.3,180.96,87.28
PP Nonwoven,10.88,1436.45,1.571,96,10,0,68.3,22.93,8.73
PP Nonwoven,39.01,1037.64,1.467,91.8,10,0,71.3,95.11,33.24
PP Nonwoven,20.26,1467.82,1.099,90.5,0,0,68.6,76.08,31.26
Coir Woven,84.95,1914.63,0.269,89.3,10,100,84.5,338.7,132.06
Coir Woven,149.95,1703.33,0.372,94.7,0,100,78.6,527.2,221.25
PP Woven,140.13,1689.66,0.237,90.6,30,0,82.8,443.83,180.83
PP Woven,130.51,1733.63,0.248,94.3,30,0,80.8,305.44,115.99
PP Woven,88.73,1445.34,0.321,90.9,0,0,73.2,212.37,83.7
Recycled PET Nonwoven,38.61,898.69,1.037,90.3,60,0,71.5,166.31,46.25
PET Woven,144.7,1775.34,0.47,90,10,0,77,211.5,74.78
PP Woven,149.24,1350.04,0.444,86.7,30,0,83.5,293.72,109.24
PET Woven,124.52,1857.41,0.448,89.5,10,0,73.4,463.59,209.46
HDPE Grid,204.7,1563.18,0.208,78.4,10,0,83.4,407.68,114.46
PP Nonwoven,10.15,1210.65,1.522,97.4,0,0,66.7,18.7,7.97
Recycled PET Nonwoven,27.25,1009.07,1.178,90.8,0,0,69.1,110.7,51.72
PP Woven,123.04,1968.92,0.217,87,0,0,79.7,406.64,200.87
PP Nonwoven,28.38,1313.59,1.364,91.9,30,0,69.5,66.94,24.26
PP Woven,83.36,1718.08,0.216,86.7,0,0,75.9,218.26,83.05
PET Woven,97.31,1511.63,0.482,94.1,0,0,75.8,137.59,46.48
PP Nonwoven,48.93,951.98,1.395,97.7,10,0,72.7,148.2,52.21
PP Woven,149.22,1532.2,0.357,91.4,0,0,75.5,225.27,100.27
PET Woven,101.02,1290.35,0.443,91.3,30,0,80.9,349.47,142.62
PP Nonwoven,24.46,1363.03,1.68,92.3,10,0,78.7,79.26,31.33
Recycled PET Nonwoven,46.64,1323.99,1.371,95.9,20,0,72.5,131.86,43.48
PET Woven,56.72,1897.26,0.488,85.8,10,0,77.2,238.59,75.6
PP Nonwoven,49.28,1479.7,1.253,92.5,10,0,69.7,152.84,68.96
Glass Fiber Composite,217.98,1555.15,0.162,72.7,0,0,91.9,344.68,108.73
PP Woven,117.66,1963.42,0.37,93.8,10,0,73.2,231.49,72.97
PLA Nonwoven,28.39,1030.75,1.097,93.8,30,100,75.2,113.21,55.36
PET Woven,135.44,1472.12,0.232,90.6,10,0,71.4,583.1,169.75
Recycled PET Nonwoven,17.29,1032.28,1.281,92.5,0,0,66.6,48.34,20.16
PP Woven,148.12,1698.85,0.481,93.2,0,0,79.4,461.35,137.24
Coir Woven,119.4,1377.22,0.232,90.4,10,100,81.7,367.12,125.95
PP Woven,57.38,1390.39,0.249,89.8,10,0,75.7,176.39,78.99
PP Nonwoven,16.01,1279.27,1.467,94.6,30,0,70.1,20.76,7.68
PP Woven,85.17,1885.82,0.202,88.2,30,0,79.1,114.45,54.65
Recycled PET Nonwoven,26.97,960.41,1.467,95.4,80,0,66.1,66.32,23.72
HDPE Grid,134.67,1567.74,0.203,70.9,10,0,83,462.24,143.41
PET Woven,122.31,1201.39,0.239,91.8,30,0,70,212.17,98.21
PLA Nonwoven,20.4,881.25,0.921,93.7,10,100,66.7,69.7,25.81
PP Woven,144.75,1227.74,0.277,93.2,0,0,81,333.67,99.85
PET Woven,79.5,1692.26,0.415,90.8,10,0,74,117.8,37.4
PP Nonwoven,40.92,1209.71,1.36,92,10,0,77.2,77.57,28.32
PP Nonwoven,42.39,1433.87,1.657,97.1,30,0,69.7,62.12,22.16
PP Woven,146.68,1452.49,0.225,92.3,10,0,82.2,369.74,107.04
Hybrid (PP+Coir),10.47,740.34,0.789,81.8,30,100,38.1,18.2,4.69
PP Nonwoven,26.68,1229.95,1.64,94,30,0,72.2,40.02,18.23
PP Woven,131.97,1780.47,0.343,89.2,30,0,77.1,430.97,146.98
HDPE Grid,239.05,1566.55,0.298,75.7,0,0,91.8,819.6,292.29
HDPE Grid,189.87,911.8,0.058,79.8,0,0,89.7,305.3,87.74
Recycled PET Nonwoven,34.79,981.11,1.755,97.5,40,0,66.6,110.06,45.93
PET Woven,50.83,1795.43,0.333,86.9,10,0,81.4,204.32,88.96
PP Woven,58.29,1256.69,0.498,87.1,0,0,82.9,186.55,70.12
HDPE Grid,143.05,1491.18,0.172,84.1,10,0,88.7,304.58,152.26
HDPE Grid,116.12,1377.84,0.293,71.1,0,0,80.9,210.28,69.09
PP Woven,145.76,1259.8,0.221,88.7,30,0,72.3,401.91,127.68
HDPE Grid,232,1277.61,0.097,81.4,30,0,89.8,566.58,154.34
PP Nonwoven,48.69,1423.48,1.776,91,0,0,80,151.53,43.26
PP Nonwoven,38.23,868.72,1.375,93.6,0,0,70.7,56.06,16.08
PP Woven,91.39,1868.67,0.263,89.4,10,0,79.3,397.81,148.1
PP Woven,138.89,1574.65,0.369,93.5,30,0,83,395.28,127.64
PP Woven,148.96,1584.31,0.246,85,0,0,71.1,596.19,220.54
PP Woven,52.25,1917.08,0.205,93.2,30,0,73.2,151.04,71.3
PP Woven,112.13,1794.31,0.245,90.1,30,0,76.3,445.95,146.78
PET Woven,122.53,1796.67,0.276,91.2,30,0,83.1,533.28,214.35
PP Woven,145.55,1818.93,0.449,87.8,10,0,73.9,477.49,166.27
PLA Nonwoven,19.82,1300.93,0.947,96.1,0,100,68.5,46.2,21.99
HDPE Grid,234.14,1360.91,0.173,76.1,30,0,87.5,423.3,174.85
PP Nonwoven,35.23,1457.1,0.917,92.1,30,0,74.9,83.56,22.93
HDPE Grid,217.92,1405.12,0.064,78.3,0,0,87.5,953.85,279.04
PET Woven,64.34,1400.68,0.406,91.2,30,0,72.2,79.47,37.05
PP Nonwoven,33.98,1272.35,1.508,94,30,0,66.9,72.97,18.57
HDPE Grid,125.11,1189.88,0.111,76.3,10,0,84.8,424.98,112.46
PP Woven,148.93,1343.92,0.424,91.8,0,0,78.7,288.73,72.28
Recycled PET Nonwoven,23.56,945.51,1.449,98,40,0,78,69.46,21.31
PET Woven,94.82,1874.37,0.409,92,30,0,83.7,150.12,55.06
PLA Nonwoven,16.52,828.41,1.482,96.6,0,100,71.5,56.98,16.35
Hybrid (PP+Coir),10.66,500.96,1.157,79.5,30,100,24.3,32.23,12.18
HDPE Grid,156.04,1436.98,0.229,84.1,10,0,83.4,608.11,162.86
PP Nonwoven,25.08,1018.33,1.726,95.8,30,0,68,94.88,24.07
PP Nonwoven,24.4,1254.49,1.546,95,10,0,71.9,50.53,20.14
PP Nonwoven,39.91,879.99,1.722,96.6,30,0,79.7,154.4,51.28
Coir Woven,149.63,1314.86,0.347,85.1,10,100,81.9,564.21,234.14
PP Woven,91.45,1479.32,0.452,86.2,10,0,78.1,251.61,124.28
PET Woven,104.53,1776.94,0.381,86.3,0,0,77.3,462.39,177.22
PP Nonwoven,28.94,833.86,1.565,94.6,0,0,73.5,84.05,37.15
PP Woven,138.3,1695.69,0.297,90.3,30,0,77,514.7,130.78
HDPE Grid,111.86,984.48,0.146,74.5,0,0,93.1,188.37,68.31
HDPE Grid,210.12,1559.19,0.158,70.8,30,0,82,580.98,230.6
PLA Nonwoven,45.02,887.46,0.838,93.9,30,100,75.1,179.62,48.65
PP Woven,144.36,1379.15,0.473,88,30,0,78,415.96,108.85
PLA Nonwoven,41.26,1069.14,1.72,96.1,10,100,65.6,157.95,43.03
PP Woven,115.24,1979.17,0.364,87.7,30,0,84.1,297.66,124.28
Hybrid (PP+Coir),16.19,537.19,1.116,83.3,0,100,36.2,53.56,23.2
PP Woven,98.83,1546.08,0.255,90.9,0,0,81.1,193.09,60.81
PET Woven,55.96,1689.81,0.486,95,30,0,79.8,126.11,62.94
PLA Nonwoven,46.19,1440.02,0.991,96.3,10,100,77.3,203.32,95.97
PP Woven,145.21,1913.5,0.458,88.6,0,0,78.2,408.16,174.25
PP Nonwoven,40.98,949.35,0.933,97,0,0,68.3,140.31,36.46
PET Woven,66.86,1607.52,0.496,88,30,0,71.1,267.24,127.74
PP Nonwoven,14.23,1421.14,1.543,96.3,10,0,67,32.82,13.49
PP Nonwoven,30.05,1292.12,1.654,91,30,0,78.1,53.55,18.8
PP Nonwoven,28.32,1028.36,1.097,91.7,0,0,74.8,95.69,24.11
PET Woven,76.85,1421.06,0.229,94.9,30,0,82.6,217.83,98.47
HDPE Grid,198.31,1450.3,0.156,77.5,30,0,82.9,426.04,195.61
PP Nonwoven,29.4,934.34,0.991,94.3,10,0,69.3,50.53,14.89
Recycled PET Nonwoven,40.56,936.85,1.586,96.3,0,0,66.6,112.51,49.51
PLA Nonwoven,46.06,985.94,1.324,96.5,10,100,79.9,187.22,68.43
PP Woven,73.99,1997.32,0.3,91.2,10,0,84,258.47,107.21
PP Woven,59.21,1709.17,0.309,91.3,10,0,78.4,72.81,28.07
PLA Nonwoven,42.08,1120.09,1.205,93.1,10,100,76.4,185.54,81.73
HDPE Grid,203.79,972.46,0.102,72.6,30,0,91.6,759.79,266.56
Coir Woven,132.98,1660.89,0.385,93,0,100,83,232.7,79.36
PP Nonwoven,38.29,1426.49,1.655,92.9,10,0,77.8,117.22,44.89
Glass Fiber Composite,244.38,1501.02,0.245,74.3,0,0,88.8,1056.8,349.26
PP Woven,61.75,1880.6,0.224,92,10,0,73.5,219.39,106.37
PP Nonwoven,11.55,895.88,1.405,90.7,0,0,76.5,18.54,7.5
PLA Nonwoven,39.64,1116.7,1.036,91.9,10,100,65.2,76.18,31.03
Recycled PET Nonwoven,14.24,878.49,0.812,94.1,100,0,72.1,27.76,8.99
Glass Fiber Composite,173.06,1373.2,0.108,80.5,10,0,87.6,435.13,199.52
PP Nonwoven,41.53,1079.38,1.032,96.9,10,0,76.9,175.05,71.24
PLA Nonwoven,40.81,1187.08,1.3,90.6,10,100,73.9,150.89,59.85
Glass Fiber Composite,229.54,1511.62,0.27,80.3,30,0,87.9,813.66,331.65
Recycled PET Nonwoven,48,1145.89,1.712,94.3,20,0,67.8,146.38,46.74
HDPE Grid,208.84,1562.56,0.225,81.4,30,0,91.9,320.41,117.2
PP Woven,86.65,1304.56,0.289,88.8,0,0,70.3,156.23,55.55
HDPE Grid,104.14,1433.45,0.138,84.2,30,0,92.9,327.55,134.71
Recycled PET Nonwoven,43.52,911.79,1.273,96.3,100,0,67.7,66.31,30.7
Recycled PET Nonwoven,47.45,1016.28,1.49,94.1,20,0,70.9,93.49,43.8
HDPE Grid,213.6,1028.57,0.269,82.9,0,0,84.9,565.53,225.13
Recycled PET Nonwoven,15.34,1287.02,1.77,97.3,20,0,70.8,20.16,8.38
PET Woven,52.92,1735.49,0.403,90.9,10,0,70.2,85.35,21.38
HDPE Grid,141.69,1049.38,0.121,83.4,0,0,83.3,246.34,86.74
PP Woven,108.8,1375.57,0.256,93.8,30,0,70.3,219.57,103.31
PET Woven,94.68,1706.32,0.491,87.1,10,0,81.6,363.56,98.11
Glass Fiber Composite,229.8,1211.23,0.218,84.3,10,0,86.7,673.57,319.45
Glass Fiber Composite,118.9,1160.65,0.167,72.9,30,0,87.5,319.47,80.45
HDPE Grid,243.13,1357.86,0.274,75.9,30,0,80.4,359.44,93.42
PP Woven,86.18,1416.1,0.302,86.7,30,0,83.3,306.44,124.55
PP Nonwoven,14.45,800.88,0.986,97.1,30,0,77.8,35.84,14.49
HDPE Grid,110.24,1116.85,0.253,83.3,30,0,84,391.82,157.41
Glass Fiber Composite,208.46,969.59,0.091,79.9,30,0,90.2,292.39,134.94
PP Nonwoven,35.7,927.41,0.813,90.2,10,0,66,147.2,70.94
Recycled PET Nonwoven,10.03,1352.45,0.87,90.7,60,0,78.6,28.39,10.47
Glass Fiber Composite,146.52,1063.17,0.185,70.5,0,0,84.1,516.95,184.22
PP Nonwoven,45.92,1459.33,1.718,92.2,0,0,72.3,90.86,43.66
PP Nonwoven,16.12,897.15,1.567,94,10,0,70.2,51.62,13.53
PP Nonwoven,24.92,1306.3,1.174,93.5,10,0,76.6,103.46,41.18
PP Nonwoven,33.14,1440.71,1.165,95.2,10,0,71.2,110.98,28.25
PP Woven,62.79,1247.52,0.371,92,0,0,74.9,87.61,22.91
PP Nonwoven,49.06,1484.38,1.093,94.2,10,0,79.6,198.02,76.41
Coir Woven,97.92,1256.48,0.366,87.3,0,100,78.1,241.77,78.54
Coir Woven,120.04,1761.72,0.226,89.1,30,100,81.9,538.96,217.44
PP Nonwoven,34.69,1368.61,1.034,96,0,0,77,134.46,52.22
PP Nonwoven,36.15,1279.73,1.494,96.2,10,0,77,134.46,35.93
Coir Woven,78.7,1310.18,0.354,92.6,0,100,78.3,96.23,37.48
PP Nonwoven,43.08,1161.12,0.987,94.3,0,0,77.1,138.2,64.47
HDPE Grid,130.6,1393.86,0.055,73.1,30,0,94.8,290.74,116.91
PP Nonwoven,34.04,1096,1.291,95.2,30,0,65.7,42.05,18.78
HDPE Grid,88.93,1303.64,0.288,80.4,10,0,91.4,173.11,52.24
HDPE Grid,129.35,1214.65,0.188,74.4,30,0,85.2,493.23,233.33
HDPE Grid,80.33,1426.58,0.087,70.4,30,0,90,238.78,100.5
Hybrid (PP+Coir),26.08,577.91,0.966,84.2,0,100,22,115.56,34.95
Coir Woven,80.57,1371.61,0.407,88.8,0,100,79.9,181.95,52.72
PP Nonwoven,32.38,1317.39,1.141,91,30,0,65.7,140.58,49.4
PP Nonwoven,36.45,1213.16,1.708,90.3,0,0,74.9,54.65,22.2
PP Woven,69.06,1482.72,0.306,90.7,10,0,71.8,140.44,61.93
Coir Woven,108.94,1258.03,0.447,89.9,10,100,84.6,198.83,75.07
PP Woven,123.68,1608.78,0.218,92.9,30,0,82.4,332.05,109.44
PP Nonwoven,20.09,918.44,1.002,92.8,30,0,74.3,61.48,18.28
Hybrid (PP+Coir),11.8,762.27,1.192,73.3,30,100,38.6,25.58,10.17
PET Woven,84.83,1950.77,0.482,93.8,10,0,82.7,133.63,57.06
Glass Fiber Composite,174.63,1133.06,0.224,76.7,10,0,92.5,330.08,91.11
PP Woven,75.17,1885.59,0.212,94.2,0,0,82.5,211.63,65.95
PLA Nonwoven,47.16,976.18,0.882,93.6,30,100,65.5,207.84,89.38
PP Woven,120.87,1666.55,0.449,92.2,30,0,74.5,216.82,78.79
PP Nonwoven,30.93,997.38,1.388,94.6,0,0,65.5,127.53,52.15
PP Nonwoven,17.87,1178.48,1.738,91.5,30,0,67.3,42.4,14.61
Recycled PET Nonwoven,32.48,1049.59,1.681,94.4,40,0,68.2,94.02,43.28
HDPE Grid,169.69,1203.2,0.11,79.3,0,0,85.1,251.39,111.04
PET Woven,108.43,1650.68,0.357,93.7,10,0,77.8,267.93,132.64
PLA Nonwoven,26.45,1473.78,1.405,95.2,10,100,78.9,79.95,20.47
PP Nonwoven,20.06,1063.64,1.191,91.4,30,0,79.4,52.47,20.46
Glass Fiber Composite,179.5,1170.95,0.171,83.2,10,0,90.8,730.79,317.41
PP Woven,106.75,1261.92,0.369,93.2,0,0,81.3,346.48,111.11
PP Nonwoven,35.72,1102.7,1.215,93.7,30,0,76.6,85.62,28.01
PP Woven,109.69,1836.11,0.401,92.5,30,0,75.1,333.73,137.63
Glass Fiber Composite,236.54,1013.17,0.256,72.1,30,0,87.6,343.58,157.41
PP Woven,81.87,1977.18,0.466,87.7,10,0,71.6,291.46,115.52
Recycled PET Nonwoven,29.18,962.67,1.134,95.5,0,0,72.3,127.12,62.01
PP Woven,115.31,1967.8,0.294,88.8,10,0,80.4,243.53,69.14
PET Woven,104.95,1521.42,0.415,92.5,10,0,79.1,462.05,221.23
PP Nonwoven,32.29,1100.51,1.703,90.4,30,0,76.8,90.65,29.75
Hybrid (PP+Coir),20.03,538.24,0.616,74.3,10,100,32.4,68.53,29.61
HDPE Grid,167.34,1400.41,0.215,77,30,0,90.1,469.02,188.62
PET Woven,105.85,1563.78,0.348,86.6,30,0,75.6,472.24,211.8
Recycled PET Nonwoven,47.89,887.88,0.955,93.1,0,0,69.5,64.55,20.87
PP Nonwoven,32.21,1212.54,1.075,92.6,30,0,77.2,56.01,20.56
Coir Woven,130.82,1753.89,0.447,86.6,10,100,76.2,194.75,84.8
PP Nonwoven,41.44,1455.38,1.459,98,0,0,71.4,89.68,43.47
PET Woven,57.09,1501.08,0.438,94.6,0,0,80.9,132.53,56.08
HDPE Grid,183.5,963.44,0.27,78.1,10,0,86.2,457.65,121.93
PP Nonwoven,10.44,1436.43,1.725,92.9,0,0,71.1,40,15.51
PP Woven,77.63,1230.26,0.397,94.6,0,0,71.5,259.67,87.36
Recycled PET Nonwoven,15.26,1487.34,1.13,96.5,40,0,66.8,65.23,23.63
PP Woven,113.38,1593.07,0.379,85.4,10,0,77.5,435.87,182.89
PP Nonwoven,45.85,1088.72,1.146,94.5,10,0,78.3,189.41,83.18
PP Woven,58.67,1689.83,0.427,90.1,10,0,79.5,157.48,56.74
PP Nonwoven,40.58,801.54,1.206,96.7,30,0,66.2,85.28,33.4
Recycled PET Nonwoven,39.54,1489.14,1.784,95.6,0,0,74.4,73.92,21.06
Recycled PET Nonwoven,34,885.85,1.773,94.3,40,0,73.9,76.05,33.69
PP Nonwoven,25.65,1410.1,1.397,91.2,30,0,71.4,88.87,30.66
HDPE Grid,179.66,1440.89,0.162,80,30,0,88.6,582.2,194.67
PP Woven,65.41,1549.54,0.444,94.3,0,0,77.7,150.1,61.04
HDPE Grid,198.93,1593.79,0.295,76.4,0,0,94.7,751.26,295.29
Recycled PET Nonwoven,44.28,1493.45,1.377,95.6,60,0,75.4,164.99,77.84
PP Nonwoven,39.87,1390.17,0.919,91.4,10,0,72.2,59.93,25.86
HDPE Grid,158.95,1316.76,0.19,78.2,0,0,82.2,488.71,214.41
PLA Nonwoven,14.3,1419.83,1.768,95.7,0,100,65.7,41.85,10.98
HDPE Grid,140.12,1512.66,0.141,78.6,10,0,86.6,231.07,97.23
PP Woven,54.86,1235.09,0.498,93.4,10,0,73,224.02,74.1
PP Woven,123.71,1636.99,0.327,89.3,0,0,81,189.09,80.43
PP Woven,102.05,1504.32,0.428,95,30,0,76.4,173.08,80.26
PP Nonwoven,26.74,980.34,0.962,97.6,10,0,77.1,61.74,20.01
PP Nonwoven,33.14,819.45,0.997,97.9,10,0,75.8,68.33,30.77
PP Woven,123.17,1491.82,0.427,86.9,30,0,75.8,541.27,167.46
Recycled PET Nonwoven,48.46,1246.8,1.605,95.2,60,0,66,133.85,58.96
HDPE Grid,166.29,926.93,0.293,70.3,30,0,94,342.1,145.48
PP Woven,80.17,1383.5,0.305,89.3,0,0,81.5,149,61.16
PP Nonwoven,33.4,1443.09,1.727,97.3,30,0,78.7,111.24,34.22
PP Nonwoven,23.02,845.59,1.604,93.7,30,0,76.3,59.29,24.65
PP Nonwoven,13.69,1326.58,0.822,90.8,30,0,66.2,46.59,21.83
Glass Fiber Composite,101.41,986.44,0.144,75.2,0,0,90.2,395.24,135.77
PP Woven,95.63,1394.17,0.263,94.8,0,0,74.2,188.48,49.01
PP Woven,143.19,1436.02,0.296,85.1,0,0,70.8,385.18,163.12
PET Woven,132.45,1594.42,0.327,91.6,30,0,75.2,161.06,58.28
HDPE Grid,235.97,1043.78,0.212,73.7,0,0,80.2,970.03,381.54
Recycled PET Nonwoven,42.89,1080.73,1.502,95.1,20,0,76.4,63.78,18.82
HDPE Grid,236.47,972.85,0.293,74.6,0,0,91.6,900.94,363.86
PET Woven,141.99,1438.02,0.268,87,30,0,74.6,553.15,229.28
Recycled PET Nonwoven,39.6,1411.19,1.53,94.9,80,0,70.8,82.72,36.69
PLA Nonwoven,19.53,996.54,0.81,94.3,10,100,74.7,64.23,16.41
PET Woven,122.9,1360.75,0.312,90.8,30,0,79,330.02,121.44
PP Nonwoven,19.83,1349.32,1.044,93.3,30,0,72.1,30.88,12.68
PET Woven,91.99,1596.04,0.428,92.3,0,0,76.3,242.64,85.88
Recycled PET Nonwoven,40.67,1192.52,1.688,97.8,100,0,77.1,168.6,70.29
PP Nonwoven,13.3,801.2,1.63,94.1,0,0,76.5,23.1,6.68
Recycled PET Nonwoven,49.83,972.53,1.133,96.3,60,0,78.9,201.66,51.37
PP Nonwoven,36.15,900.88,0.949,90.1,0,0,66.5,133.64,51.13
HDPE Grid,180.97,1174.02,0.107,70.7,0,0,86.1,406.79,141.72
PET Woven,126.65,1232.17,0.314,92,10,0,80.4,441,133.27
HDPE Grid,206.34,1041.82,0.159,79.4,30,0,83.2,376.33,175.99
PP Nonwoven,33.36,850.06,1.794,92,0,0,75.4,46.74,19.59
Recycled PET Nonwoven,25.23,1467.15,1.272,97.6,40,0,70.3,80.86,21.91
PP Nonwoven,49,849.6,1.253,95.7,0,0,75.4,96.81,26.6
PP Woven,137.16,1729.64,0.203,86.1,0,0,83.1,247.93,86.45
PP Woven,145.28,1341.64,0.465,86.6,30,0,79.3,193.97,58.12
PP Nonwoven,27.09,847.56,1.029,93,30,0,75.6,34.71,14.97
PP Nonwoven,10.7,897.9,0.8,92,0,0,78.5,23.2,7.1
HDPE Grid,84.4,1000.4,0.297,74.5,0,0,92.8,191.71,90.34
Recycled PET Nonwoven,46.06,1274.51,1.727,95.5,60,0,78.3,120.21,53.54
PP Woven,134.35,1420.13,0.322,86.8,30,0,77.2,603.8,278.3
Hybrid (PP+Coir),25.37,492.94,0.67,70.5,30,100,31.7,53.04,13.54
PP Woven,61.82,1575.17,0.218,94.5,30,0,70.8,180.04,81.71
PP Nonwoven,17.69,1252.18,1.592,91.7,0,0,75.5,40.15,18.75
Recycled PET Nonwoven,23.93,1436.23,1.141,95.8,20,0,66.9,43.23,16.64
PP Nonwoven,13.9,990.51,1.379,97.3,0,0,67.7,24.98,7.81
Recycled PET Nonwoven,34.89,1447.31,1.05,94.3,60,0,66.8,140.91,56.9
PP Nonwoven,18.63,1140.28,0.939,97.7,0,0,67,34.18,14.75
HDPE Grid,165.53,1309.12,0.186,82.2,30,0,81.3,390.06,188.45
PP Woven,129.56,1695,0.442,91.8,0,0,81.4,309.98,133.51
PLA Nonwoven,41.31,1013.22,1.397,90.9,10,100,76.2,135.33,44.03
HDPE Grid,128.99,1166.96,0.22,73,10,0,94.2,493.17,151.21
PP Nonwoven,30.24,840.28,1.519,93.8,30,0,70.8,52.46,16.29
PP Nonwoven,23.93,1091.22,1.681,93.7,0,0,79.1,83.6,30.91
PP Nonwoven,23.94,1277.04,1.026,95,0,0,79.4,85.75,39.33
Hybrid (PP+Coir),15.02,643.63,0.601,81.4,0,100,36.8,59.58,21.72
Coir Woven,138.09,1679.29,0.277,86.4,10,100,71.5,176.17,65.43
PET Woven,138.46,1287.57,0.336,94.2,30,0,72.1,578.36,275.28
Glass Fiber Composite,218.92,1523.81,0.263,84.8,30,0,81.5,812.47,303.74
HDPE Grid,99.64,1139.55,0.281,70.3,10,0,89.5,364.04,124.92
Recycled PET Nonwoven,41.04,846.74,1.409,92.8,80,0,72.5,160.48,47.97
Hybrid (PP+Coir),19.07,797.93,1.178,82.6,30,100,38,48.68,21.08
HDPE Grid,242.79,1268.3,0.059,75,0,0,82.5,298.19,74.62
PP Woven,132.16,1739.56,0.443,85,10,0,83.7,579.04,206.79
HDPE Grid,222.6,1206.57,0.096,71.2,30,0,84.9,280.5,107.54
Recycled PET Nonwoven,18.7,808.72,1.432,95.7,100,0,76.4,69.33,27.35
PET Woven,141.81,1589.68,0.379,94.5,30,0,76.8,266.04,126.8
PP Woven,54.04,1608.56,0.29,92.4,10,0,74.8,197.33,72.55
HDPE Grid,168.9,1421.35,0.295,80.5,10,0,89.2,557.95,274.11
PET Woven,149.08,1407.38,0.287,93.6,30,0,80,189.93,48.98
PP Nonwoven,10.83,804.78,1.681,96.5,30,0,73.5,17.35,5.5
PP Woven,142.28,1723.19,0.283,94,30,0,71.2,413.5,107.94
Glass Fiber Composite,141.69,1430.91,0.111,81.5,0,0,84.2,388.21,106.53
PET Woven,131.38,1563.32,0.446,92.3,10,0,75.2,415.17,120.22
PP Nonwoven,13,1242.18,0.983,92.3,10,0,65.3,39.04,19.03
PET Woven,141.73,1483.47,0.27,89.5,0,0,70.1,200.49,61.46
PLA Nonwoven,46.72,874.71,0.827,91.9,30,100,70.8,81.1,23.93
PP Nonwoven,48.28,1140.48,1.319,91.2,10,0,68.5,98.44,33.23
Glass Fiber Composite,190.51,1413.39,0.121,75.5,0,0,88.5,417.97,182.74
PP Woven,65.47,1641.69,0.302,92.5,0,0,72.8,216.09,102.27
PLA Nonwoven,26.18,838.43,1.39,96.2,0,100,70.6,115.38,34.22
Glass Fiber Composite,236.82,1469.57,0.158,70.7,30,0,80.2,761.31,338.64
PET Woven,117.6,1666.17,0.405,91.2,10,0,82.1,253.32,102.89
Hybrid (PP+Coir),19.91,617.87,1.141,70.8,0,100,28,34.01,13.92
Recycled PET Nonwoven,21.88,908.1,1.27,93.6,60,0,68.6,83.65,38.4
PP Woven,119.51,1374.55,0.397,92.9,30,0,80.8,445.07,187.11
PET Woven,129.93,1571.56,0.383,91.2,10,0,78.5,431.37,124.81
PP Nonwoven,37.02,1404,0.863,93.9,30,0,65.3,81.36,37.44
Recycled PET Nonwoven,48.79,1255.37,1.118,93.1,60,0,79.5,207.09,73.55
PP Nonwoven,33.35,1172.67,1.05,91.3,10,0,79.3,75.63,35.08
PP Woven,147.26,1554.77,0.261,85.4,0,0,84.1,270.55,123.06
PP Woven,86.7,1744.56,0.426,91.1,30,0,78.6,158.8,55.55
PP Nonwoven,24.12,929.03,1.753,90.4,0,0,68.5,42.98,11.24
PP Nonwoven,37.75,1401.75,1.186,97.4,0,0,72.3,148.09,43.69
Recycled PET Nonwoven,40.2,877.59,1.421,91.5,100,0,77.5,55.84,23.14
PP Woven,97.65,1303.55,0.385,94.1,0,0,84,148.63,70.88
PET Woven,67.86,1535.57,0.491,85.1,30,0,75.6,166.18,48.21
PP Nonwoven,19.09,1020.42,1.414,94.9,30,0,69.8,62.98,22.94
PP Nonwoven,14.33,1009.2,1.491,95.4,0,0,68,42.53,20.81
PET Woven,106.15,1732.24,0.496,86.9,30,0,84.9,262.46,74.08
HDPE Grid,190.44,972.41,0.193,75.8,30,0,86.7,336.43,160.94
PP Woven,129.78,1464.96,0.432,88,0,0,78.3,308.61,123.03
PP Nonwoven,36.67,803.83,1.26,91.3,0,0,78.7,106.5,46.64
HDPE Grid,200.5,1059.84,0.136,78.1,10,0,87.5,593.89,278.67
PP Woven,67.07,1838.65,0.408,94.6,30,0,79.1,292.23,106.47
HDPE Grid,212.5,1353.47,0.128,71,30,0,87.4,776.29,325.69
PP Woven,90.56,1660.78,0.274,90.2,10,0,76.2,125.03,34.36
PP Woven,96.12,1770.97,0.225,86.9,0,0,75.3,214.51,73.92
HDPE Grid,131.05,1433.19,0.068,72,0,0,85.7,268.67,70.42
PP Nonwoven,28.56,1107.82,1.608,93.5,0,0,70.6,96.88,40.06
Recycled PET Nonwoven,34.16,1128.1,1.496,91,80,0,70.7,92.06,30.14
PP Nonwoven,37.43,1371.39,1.768,95.9,10,0,71.9,163.47,58.06
Recycled PET Nonwoven,48.35,972.8,1.243,95.7,80,0,76,65.78,23.89
PP Woven,58.65,1507.14,0.207,94.3,10,0,82,201.42,95.68
PP Woven,93.13,1919.45,0.354,94.5,10,0,79.3,283.63,138.68
Glass Fiber Composite,181.52,1348.09,0.151,80.7,0,0,81.5,575.86,182.68
Coir Woven,54.66,1742.39,0.305,94.7,30,100,84.8,146.06,48.38
Recycled PET Nonwoven,25.86,1328.62,1.526,97.1,80,0,75,71.32,20.55
PET Woven,107.83,1801.38,0.493,94.6,30,0,84.7,342.54,167.47
PP Nonwoven,13.87,877.67,1.175,90.8,0,0,70,39.69,12.13
HDPE Grid,201.1,1501.69,0.206,70.4,0,0,90.6,473.99,144.28
Glass Fiber Composite,88.77,1193.93,0.222,83.7,0,0,93,151.21,50.32
PP Woven,73.09,1387.14,0.433,93.6,0,0,72.2,151.44,44.22
Hybrid (PP+Coir),20.07,785.6,1.199,72.4,0,100,37.4,60.26,18.38
PP Woven,73.86,1600.06,0.428,85.3,30,0,75.7,119.79,42.6
PP Woven,143.4,1789.57,0.362,88.3,30,0,73.1,243.63,106.02
PP Nonwoven,42.01,1447.19,1.756,95.7,30,0,70.6,136.21,39.22
Glass Fiber Composite,83.08,1488.82,0.113,73.3,10,0,81.1,217.85,64.14
HDPE Grid,235.72,1360.07,0.134,75.9,30,0,93.1,461.76,208.53
PP Nonwoven,12.47,1389.38,1.723,93.6,30,0,79.2,53.49,25.58
PLA Nonwoven,12.62,1201.13,1.533,96,10,100,74.2,39.62,18.41
Coir Woven,88.27,1890.82,0.238,94.8,0,100,72.4,372.47,115.44
HDPE Grid,86.36,1498.69,0.084,71.8,30,0,92.8,294.72,102.18
PP Nonwoven,20.56,999.72,1.176,94.4,30,0,76.9,70.23,30.57
Coir Woven,63.69,1314.12,0.474,92.1,30,100,81.3,139.14,45.63
PP Nonwoven,49.75,1452.77,0.858,90,10,0,72.5,125.73,56.36
Glass Fiber Composite,94.67,1521.89,0.072,78.1,10,0,89.6,190.94,85.77
Coir Woven,70.66,1550.03,0.307,85.5,0,100,82.4,313.08,154.36
PP Nonwoven,24.48,1192.94,0.939,95.2,10,0,72.6,102.71,39.02
Recycled PET Nonwoven,16.82,1074.66,1.312,91.3,40,0,75.2,40.19,19.62
PP Nonwoven,34.23,1463.74,1.763,95.6,10,0,66.9,50.72,15.02
PET Woven,139.32,1200.85,0.299,86.9,10,0,81.8,555.86,231.54
Hybrid (PP+Coir),17.07,601.42,1.193,74.8,0,100,31.6,26.4,8.46
PP Woven,59.01,1368.93,0.271,91.5,10,0,80.1,255.48,72.28
PP Woven,57.09,1310.75,0.31,91.8,10,0,74.5,235.8,87.84
PP Woven,136.03,1703,0.443,94.8,10,0,77.8,242.46,86.17
HDPE Grid,189.98,1181.68,0.193,72.7,0,0,92.5,574.48,187.07
PP Nonwoven,25.16,1272.65,1.295,91.1,30,0,68.4,61.64,27.57
HDPE Grid,156.1,943.24,0.095,75.1,10,0,85.1,592.67,237.41
PP Nonwoven,33.16,1132.82,1.423,93.8,0,0,71.5,53.95,16.52
PP Woven,60.36,1874.97,0.228,91.6,0,0,80.1,186.96,85.18
PP Nonwoven,18.2,1114.67,1.748,90.7,30,0,68.2,33.97,13.42
PET Woven,53.12,1428.95,0.242,93.9,10,0,72.9,175.27,74.39
PP Nonwoven,10.46,968.74,1.556,92.5,10,0,75.7,32.94,15.86
PET Woven,144.59,1589.45,0.495,91.9,10,0,72.6,611.73,284.69
PP Nonwoven,37.67,1392.56,1.251,97.3,10,0,78.8,65.43,20.04
Hybrid (PP+Coir),15.37,773.21,1.136,82.8,10,100,22.6,22.46,8.56
Hybrid (PP+Coir),26.81,552.24,1.174,72.4,0,100,37.4,60.6,17.57
PET Woven,135.75,1743.1,0.42,88.2,0,0,80.4,218.64,80.89
Recycled PET Nonwoven,13.08,975.2,1.493,94.3,20,0,79.1,17.58,6.38
HDPE Grid,242.43,1425.85,0.106,80.6,0,0,89.9,327.6,154.27
PET Woven,54.44,1902.76,0.425,90.9,0,0,72.7,102.44,47.28
PET Woven,72.25,1767.94,0.477,86.1,30,0,81.9,246.57,73.04
HDPE Grid,183.88,1066.61,0.113,74.7,30,0,80,709.22,288.47
PP Woven,130.27,1647.91,0.272,88.4,10,0,81.1,310.17,97.12
Glass Fiber Composite,133.27,1122.75,0.133,77.4,30,0,91.2,332.37,100.44
PET Woven,127.26,1264,0.5,87.2,0,0,77.2,383.14,100.96
HDPE Grid,197.96,936.84,0.283,74.5,0,0,90.8,386.76,181.52
PP Nonwoven,44.07,1041.09,1.184,90.6,30,0,70,171.95,84.73
Recycled PET Nonwoven,10.63,884.83,0.877,95.5,80,0,68.2,39.26,10.71
PP Nonwoven,40.62,1030.24,1.06,93.1,10,0,71.4,99.02,27.94
PP Nonwoven,15.11,1394.66,1.566,92.7,0,0,78.8,25.37,6.81
PP Woven,119.49,1837.08,0.465,85.7,30,0,83.9,362.11,130.69
Coir Woven,104.91,1546.7,0.446,94.5,0,100,81.5,245.24,68.52
PP Nonwoven,33.85,1392.18,1.715,91.8,30,0,78.5,85,22.39
PET Woven,85.94,1977.01,0.275,92.4,30,0,83.4,169.19,61.15
Glass Fiber Composite,103.58,947.34,0.294,70.1,0,0,86.3,284.26,98.13
PP Woven,91.77,1913.91,0.295,94.1,0,0,73.8,325.59,161.44
PP Nonwoven,32.86,1329.5,1.314,91.3,10,0,70,83.73,37.74
PET Woven,145.92,1498.57,0.487,93.2,0,0,74.5,382.78,122.73
PP Nonwoven,24.35,1167.69,1.017,95.2,10,0,69,100.21,31.43
PP Nonwoven,10.84,1421.84,1.568,96.2,10,0,79.6,35.39,11.64
PET Woven,146.97,1382.11,0.388,90.9,10,0,73.3,511.46,199.59
PP Nonwoven,32.52,1233.31,1.569,91.5,30,0,76.8,51.42,23.74
HDPE Grid,129.96,1114.92,0.252,78.3,0,0,82.7,528.86,175.38
HDPE Grid,97.51,1406.84,0.107,78.3,0,0,85.9,243.95,107.19
Recycled PET Nonwoven,42.11,823.84,1.718,91.7,80,0,69.6,92.8,25.1
PP Nonwoven,25.77,1107.36,1.402,97.8,30,0,79.3,62.38,17.16
PP Nonwoven,21.63,1452.79,1.364,95.5,10,0,76.5,34.68,9.97
HDPE Grid,187.11,1296.37,0.094,79.3,0,0,84.9,564.29,173.31
PET Woven,55.77,1331.3,0.38,85.4,10,0,74.7,205.12,62.15
PP Woven,65.12,1642.79,0.394,92.6,0,0,82.4,153.45,40.12
PLA Nonwoven,27.91,1484.64,1.104,91,10,100,76.8,97.81,37.07
PP Nonwoven,35.62,1022.85,1.401,93.1,30,0,69.3,74.92,25.17
PP Woven,125.15,1776.52,0.316,93.5,0,0,71.4,176.87,63.17
Coir Woven,60.16,1494.31,0.324,87.8,30,100,73.4,268.96,77.76
PP Woven,140.06,1241.36,0.261,89.2,10,0,71.7,490.08,160.45
Hybrid (PP+Coir),28.93,634.38,0.862,72,0,100,28.8,122.19,53.12
PP Nonwoven,24.28,1284.69,1.459,91.1,30,0,65.3,93.72,34.26
PP Woven,113.53,1621.17,0.39,92.8,10,0,84.4,442.66,174.3
PP Nonwoven,49.95,1480.9,1.49,92.2,10,0,68.8,218.58,82.88
Glass Fiber Composite,225.68,1468.02,0.087,70,0,0,82.4,906.61,339.72
PP Nonwoven,20.16,1451.42,1.695,96.1,0,0,78.6,65.67,30.89
HDPE Grid,170.87,1581.39,0.248,84.3,0,0,84.9,600.09,247.2
PP Nonwoven,40.07,834.47,1.443,94.1,30,0,75.8,166.69,63.5
PP Nonwoven,49.4,1007.53,1.696,96.3,10,0,66.9,117.02,44.14
PP Nonwoven,19.43,1267.3,1.019,94.4,30,0,79,23.66,11.36
PET Woven,102.16,1675.69,0.285,87.4,30,0,82.6,262.96,88.93
PP Nonwoven,38.01,1253.69,0.991,96.1,30,0,77.8,125.77,57.27
PLA Nonwoven,24.5,955.47,1.185,91.6,30,100,78.4,85.18,24.92
Coir Woven,131.82,1654.36,0.436,88.8,10,100,71.7,552.5,140.37
PP Nonwoven,29.34,898.34,1.794,96.3,0,0,65.9,48.42,22.25
Hybrid (PP+Coir),24.23,709.1,0.829,78.3,30,100,26.7,46.73,15.65
PP Woven,50.34,1208.71,0.447,87.6,30,0,73.7,120.84,43.49
HDPE Grid,214.53,1571.05,0.156,70.3,30,0,94.7,688.89,318.55
Recycled PET Nonwoven,26.61,1161.23,1.541,95.1,40,0,77.5,74.91,36.45
PP Woven,52.85,1656.31,0.403,90.5,0,0,74.5,105.04,26.45
PP Woven,141.35,1814.34,0.352,93.3,30,0,71.9,460.68,147.72
PP Nonwoven,31.76,1292.75,1.338,92.1,30,0,77.4,107.49,50.58
PP Woven,129.89,1235.7,0.364,86,0,0,71.1,430.91,142.02
PP Nonwoven,34.99,1157.26,1.498,91,30,0,67.3,139.48,58.89
PP Woven,122.34,1982.13,0.368,85.6,10,0,75.1,400.04,100.81
PP Woven,91.12,1631.5,0.436,85,10,0,78.2,320.98,117.13
Recycled PET Nonwoven,23.03,1365.47,0.989,95.3,0,0,75.5,60.66,23.09
PET Woven,119.87,1394.36,0.469,89.3,0,0,79.1,264.56,86.17
Recycled PET Nonwoven,28.39,1106.91,1.699,97,20,0,66.3,58.63,17.1
Recycled PET Nonwoven,19.2,808.6,1.668,92,0,0,67.2,29.85,8.68
PET Woven,83.96,1404.21,0.307,88.9,30,0,76.7,178.8,79.54
PLA Nonwoven,45.72,1326.13,1.019,92.7,10,100,68.7,154.86,62.95
Hybrid (PP+Coir),29.77,652.86,0.752,74.9,0,100,35.4,73.61,22.43
PP Nonwoven,15.51,1271.61,1.545,90.7,30,0,71.4,37.25,13.11
HDPE Grid,157.51,1361.87,0.177,74.4,10,0,93,232.3,73.75
PP Nonwoven,13.43,1053.27,1.131,92.6,0,0,74.3,31.09,7.99
PP Nonwoven,12.76,1166.64,1.471,96.8,10,0,77.4,34.58,11.59
Coir Woven,127.58,1421.07,0.371,90.1,0,100,80.8,286.58,105.64
PP Woven,110.84,1214.06,0.409,86.6,30,0,82.2,469.26,151.05
PP Woven,117.34,1773.23,0.261,88.9,10,0,74.6,383.23,148.51
PP Woven,135.45,1620.04,0.293,86.4,30,0,76.3,281.32,99.47
HDPE Grid,173.99,1007.92,0.079,73.6,30,0,92.9,737.16,312.96
PP Woven,91.31,1671.38,0.344,93.8,30,0,75.5,210.92,97
PP Woven,143.28,1273.29,0.48,86.4,30,0,71.8,308.21,119.33
PP Nonwoven,16.54,1019.08,1.568,93,10,0,68.9,62.39,22.63
HDPE Grid,110.08,1149.56,0.238,77.1,30,0,83.4,466.25,163.71
PLA Nonwoven,11.4,1185.38,1.482,96.8,10,100,72,26.79,12.82
PLA Nonwoven,41.11,1282.61,1.751,96.6,0,100,73.3,182.64,64.59
PP Nonwoven,24.03,805.19,1.31,96.8,10,0,67.8,58.14,27.63
PP Nonwoven,14.71,843.78,1.13,90.6,0,0,69.6,46.44,18.36
PP Nonwoven,30.27,874.76,0.906,92.1,30,0,78.6,45.31,16.79
PP Nonwoven,20.12,1226.29,0.86,93.9,30,0,67.2,82.5,24.76
Recycled PET Nonwoven,23.21,1336.1,1.21,90.1,40,0,79.1,55.96,15.27
HDPE Grid,179.39,1154.53,0.218,75.2,30,0,89.1,313.69,156.81
Coir Woven,83.99,1415.69,0.361,88.4,0,100,77.8,336.53,154.43
PET Woven,122.63,1983.72,0.396,91.7,30,0,77.8,192.61,89.69
PP Nonwoven,21.03,1388.47,0.998,91.8,0,0,77.5,61.92,26.61
PP Nonwoven,40.33,1209.37,1.189,94.6,0,0,73.4,88.06,37.19
PP Nonwoven,29.03,950.29,1.639,91.2,0,0,76.8,98.29,40.7
PET Woven,100.67,1486.8,0.464,87.3,0,0,83.2,205.86,66.19
Coir Woven,139.52,1825.93,0.453,87.8,10,100,79.6,596.8,227.97
PP Nonwoven,32.77,1047.84,1.565,96.2,0,0,77.1,109.03,40.52
HDPE Grid,90.79,1172.76,0.215,75.8,0,0,91.8,295.89,138.66
PLA Nonwoven,34.3,1182.83,0.971,96.1,0,100,70.6,95.47,31.28
Recycled PET Nonwoven,30.72,1406.38,1.346,95.1,20,0,68.8,129.52,62.84
PP Woven,90.34,1881.38,0.281,92.5,10,0,70.7,352.45,139.34
PP Nonwoven,39.94,1393.9,1.681,93.2,30,0,72.1,67.81,29.08
PP Nonwoven,17.49,1390.52,1.416,96.7,10,0,70.2,25.89,7.38
PP Nonwoven,35.54,1442.54,0.817,92.9,0,0,66.1,62.12,21.25
Recycled PET Nonwoven,48.88,1044.72,0.954,90,0,0,79.9,98.41,42.77
PP Woven,67.4,1577.05,0.355,92.9,10,0,74.4,243.83,71.25
PP Woven,90.68,1321.11,0.34,88.3,0,0,71.8,364.22,165.28
PP Nonwoven,20.21,1338.36,1.611,96.2,10,0,72.5,37.03,16.19
HDPE Grid,146.33,1315.89,0.184,75.9,0,0,84.2,197.76,66.2
PET Woven,99.69,1552.45,0.319,92.4,30,0,82.9,180.37,61.71
PET Woven,120.52,1613.06,0.305,94.1,30,0,81.9,214.55,73.04
PET Woven,71.43,1449.28,0.243,92.3,30,0,72.1,114.68,57.11
Glass Fiber Composite,186.29,1457.04,0.162,70.5,10,0,91.6,705.11,197.4
PET Woven,116.66,1730.87,0.492,90.9,10,0,76.3,439.76,210.47
Glass Fiber Composite,233.9,1498.31,0.284,72.5,10,0,91,792.89,348.06
Hybrid (PP+Coir),21.76,709.76,0.66,74.5,10,100,32.5,45.27,13.01
PLA Nonwoven,21.62,1148.71,1.081,97.6,10,100,77,37.12,10.79
PP Nonwoven,14.35,1004.23,0.897,91.3,0,0,69.2,49.67,22.55
Hybrid (PP+Coir),10.65,432.15,0.815,72.8,30,100,33.9,14.37,3.87
HDPE Grid,207.82,1579.43,0.152,80.1,0,0,94.3,477.88,150.76
PP Woven,110.9,1904.58,0.347,90.3,0,0,76,309.61,100.98
PET Woven,122.48,1504.09,0.232,90.6,0,0,75.8,278.56,89.44
PP Woven,100.44,1885.66,0.344,92,30,0,74.9,441,149.9
PET Woven,82.5,1568.87,0.423,89.5,30,0,80.7,105.3,45.05
PP Woven,118.5,1387.83,0.401,85.7,10,0,84.9,506.41,224.75
HDPE Grid,198.3,1026.83,0.068,81.6,0,0,87.4,670.77,283.94
Coir Woven,149.08,1639.65,0.202,90.9,0,100,75,384.4,158.17
PP Nonwoven,48.28,1389.52,1.154,92.8,0,0,76.1,187.33,69.88
PP Nonwoven,40.92,1320.09,1.284,90.9,30,0,67.2,54.77,18.81
PP Nonwoven,16.91,1392.28,1.581,93.9,30,0,78.3,49.83,13.76
Coir Woven,65.58,1415.63,0.244,92.6,10,100,73.6,141.76,50.8
Glass Fiber Composite,184.01,1173.9,0.248,71.5,10,0,88,814.42,350.65
Coir Woven,78.46,1693.76,0.325,88.1,10,100,79.3,222.06,91.84
PP Woven,132.54,1369.69,0.443,93.8,30,0,76.1,500.58,136.41
PP Woven,64.2,1811.5,0.428,87.3,0,0,71.6,158.27,48.77
PET Woven,112.26,1360.15,0.265,93.4,0,0,83.2,230.02,86.7
Glass Fiber Composite,105.23,1575.61,0.154,84.5,10,0,82.6,338.31,104.54
HDPE Grid,200.84,1526.06,0.075,75,0,0,93.9,512.07,157.14
PP Woven,106.68,1949.25,0.298,91.1,0,0,71,446.91,215.88
Hybrid (PP+Coir),20.4,422.79,0.758,78.7,30,100,31.4,57.89,27.53
Glass Fiber Composite,207.24,1277.91,0.148,72.3,0,0,88.3,550.45,138.79
PP Woven,146.85,1562.12,0.386,90.2,10,0,70.7,483.65,236.06
PP Woven,107.14,1770.23,0.237,90.4,10,0,76.7,347.96,141.14
PP Nonwoven,12.64,1129.96,1.104,91.7,10,0,74.1,43.23,13.95
Coir Woven,98.9,1448.47,0.485,93.3,0,100,70.9,374.2,157.15
PP Nonwoven,42.12,830.9,1.705,94.5,30,0,65.4,106.99,32.26
Recycled PET Nonwoven,42.79,1188.11,1.373,91.9,80,0,77.5,63.71,23.5
PET Woven,100.8,1646.12,0.327,94.6,30,0,75.7,244.32,103.98
PLA Nonwoven,16.51,916.88,1.017,91,30,100,74.9,26.93,10.77
PP Nonwoven,37.03,1053.5,1.304,93,0,0,73.5,130.11,57.44
Recycled PET Nonwoven,43.46,937.51,1.064,96.2,40,0,72.2,62.96,26.74
PET Woven,71.02,1231.22,0.306,88.9,10,0,75.6,317.58,81.02
Glass Fiber Composite,202.27,1535.22,0.261,77.3,30,0,85.6,419.69,114.37
PP Woven,117.88,1453.42,0.373,93.8,0,0,72.5,467.96,125.09
PP Nonwoven,30.26,1093.59,1.487,92.4,10,0,71.3,103.64,45.06
Coir Woven,68.99,1804.71,0.256,89.5,10,100,79.8,112.12,52.47
PP Nonwoven,21.86,1237.25,0.809,92.2,0,0,72.5,73.03,35.31
PET Woven,69.47,1760.54,0.415,90.6,0,0,73.5,145.63,54.42
PP Nonwoven,12.17,1355.91,1.142,97.1,0,0,67.2,21.89,6.41
PP Woven,68.56,1921.83,0.32,91.1,0,0,70.6,130.55,43.71
PP Woven,106.22,1985.88,0.415,89.2,0,0,81.9,138.62,34.76
PET Woven,102.31,1497.07,0.453,87.2,0,0,81.4,329.56,149.32
PP Nonwoven,31.06,989.44,0.869,95.2,30,0,69,113.33,44.86
PP Nonwoven,44.86,1355.88,1.47,93,30,0,65.2,197.88,79.22
HDPE Grid,156.63,1039.31,0.294,74,0,0,94.4,304.67,101.05
PP Nonwoven,43.88,1426.29,1.152,94.6,0,0,73.4,71.63,24.48
PP Nonwoven,48.73,1282.9,0.962,94.8,10,0,78,125.62,49.42
HDPE Grid,109.44,1202.66,0.21,81.4,10,0,94.4,310.62,92.74
PET Woven,107.25,1462.35,0.388,93.8,10,0,72.5,210.67,94.27
HDPE Grid,95.85,1571.82,0.193,79.1,0,0,85.6,147.78,59.04
PP Woven,123.71,1980.6,0.222,85.4,30,0,77.5,410.49,162.04
Hybrid (PP+Coir),10.57,509.25,1.108,80.6,30,100,36.1,43.41,12.06
PP Nonwoven,14.18,1091.72,1.125,93.7,30,0,73.5,59.23,25.81
PET Woven,132.22,1902.49,0.375,87.3,0,0,72.9,458.42,193.99
PP Woven,130.2,1783.27,0.48,88.8,0,0,75.4,283.16,99.49
Recycled PET Nonwoven,42.39,1334.14,0.926,93.1,40,0,78.8,59.15,18.17
PET Woven,137.32,1886.28,0.229,94.2,30,0,84.9,580.5,151.38
PP Nonwoven,23.68,1267.15,1.065,92.2,30,0,73.8,83.2,25.46
PLA Nonwoven,34.42,881.65,1.757,97,10,100,77.2,75.19,28.34
PET Woven,137.5,1457.22,0.402,86.9,0,0,74.3,574.78,263.86
PLA Nonwoven,25.82,1348.02,0.996,91.5,30,100,76.4,107.44,40.6
PET Woven,101.38,1353.9,0.333,90.2,10,0,83.5,145.84,67.04
PP Woven,147.88,1245.67,0.281,92.2,0,0,77.9,444.52,185.07
PP Woven,114.16,1385.91,0.486,92.4,30,0,76.6,356.83,173.11
HDPE Grid,159.42,1180.93,0.294,74.4,10,0,84,633.4,283.1
PP Woven,63.78,1253.35,0.465,85.5,30,0,75.6,163.28,44.44
PET Woven,68.84,1765.87,0.224,85.3,30,0,76.3,215.71,86.31
PP Nonwoven,38.29,1498.23,1.122,97.7,0,0,74.9,53.85,14.33
PP Woven,118.23,1932.24,0.411,88.4,30,0,76.1,251.35,77.98
PP Woven,98.41,1828.19,0.21,90.2,30,0,77.6,361.06,148.84
PP Nonwoven,36.23,1024.63,0.917,97.8,30,0,66,107.46,52.46
Coir Woven,51.38,1978.15,0.24,87.8,30,100,78.2,228.75,74.57
HDPE Grid,248.77,1314.79,0.188,72.1,30,0,87.3,466.81,128.35
Glass Fiber Composite,93.21,1468.88,0.21,72.4,10,0,86.5,124.14,34.29
Hybrid (PP+Coir),15.03,437.95,0.818,70.5,10,100,38.6,58.29,26.2
PP Nonwoven,43.76,1453.42,1.246,97,30,0,71.2,149.77,42.52
Hybrid (PP+Coir),29.03,739.97,1.059,74,0,100,32.5,79.37,24.95
Glass Fiber Composite,226.66,1561.06,0.141,78.5,0,0,90.9,913.43,326.39
PP Nonwoven,43.78,1104.78,1.5,92,0,0,75,178.98,69.19
PET Woven,67.38,1245.67,0.279,88.5,30,0,71.4,271.45,119.72
Coir Woven,58.05,1410.86,0.428,91.2,10,100,79.5,91.73,39.61
PP Nonwoven,11.81,831.05,1.04,90.5,10,0,79.8,18.5,5.69
PP Woven,68.48,1550.66,0.477,90.2,30,0,76.4,167.36,59.93
Coir Woven,121.06,1847.76,0.24,88.8,0,100,74,522,168.61
Hybrid (PP+Coir),13.68,610.24,0.604,84.3,0,100,22.7,41.17,15.67
PET Woven,59.66,1873.62,0.436,90.6,30,0,75.7,72.35,18.12
Recycled PET Nonwoven,22.25,1077.15,1.633,94.7,80,0,79.5,27.72,13.68
PP Nonwoven,36.29,951.4,1.78,91.7,30,0,74.6,107.82,39.1
PP Woven,83.71,1283.61,0.428,89.1,30,0,75.7,166.41,56.62
Hybrid (PP+Coir),14.43,663.1,1.103,83.4,0,100,34.9,48.1,17.08
PET Woven,108.15,1440.62,0.346,85.4,10,0,84.1,440.63,204.86
PET Woven,104.18,1603.29,0.213,92.1,10,0,79.2,245.59,110.93
PET Woven,112.19,1667.66,0.368,86.3,10,0,72.9,238.9,86.91
Hybrid (PP+Coir),21.19,580.41,0.811,71.8,30,100,38.2,77.72,37.5
Recycled PET Nonwoven,17.33,1462.93,1.317,94,20,0,75.7,38.07,18.94
PP Woven,51.49,1601.88,0.231,88.8,10,0,80.9,65.88,25.96
PET Woven,73.36,1583.59,0.263,88.1,10,0,78,170.16,53.12
PP Woven,67.65,1330.58,0.426,92,0,0,72.9,218.03,100.12
PLA Nonwoven,11.42,1085.93,1.072,96.6,0,100,69.9,33.77,12.25
PP Nonwoven,28.79,1152.27,1.006,92.3,30,0,70.4,52.25,16.46
Recycled PET Nonwoven,28.38,886.48,1.79,93.7,80,0,69.8,104.3,33.08
PP Woven,88.51,1758.3,0.222,93.8,0,0,81.1,346.43,113.4
PP Woven,127.9,1707.32,0.311,86.1,0,0,73.4,428.67,122.98
Coir Woven,71.22,1651.24,0.45,92.2,30,100,81.3,189.22,71.26
PLA Nonwoven,14.17,1031.94,1.583,90.2,0,100,80,61.01,24.38
PET Woven,125,1991.7,0.281,85.5,0,0,82.4,223.06,99.89
PP Nonwoven,25.16,1108.14,1.691,93.3,10,0,70.9,70.54,23.64
Coir Woven,75.78,1905.05,0.236,89.6,0,100,71.4,323.5,135.36
PP Woven,121.86,1645.12,0.225,89.9,10,0,82.6,199.33,65.91
PP Woven,133.51,1873.09,0.217,92.5,30,0,84,392.75,188.02
PP Nonwoven,38.89,1261.28,0.898,96.6,30,0,76.1,109.89,35.62
PP Woven,61.25,1492.44,0.234,86.5,30,0,73.5,215.79,63.11
PET Woven,130.81,1386.78,0.446,93.2,10,0,82.4,529.18,197.12
Glass Fiber Composite,223.08,1483.53,0.223,78.9,0,0,94.5,370.56,159.79
PP Nonwoven,27.74,1314.34,0.861,92.1,30,0,67.5,99.45,26.9
PET Woven,51.37,1393.07,0.287,94.4,30,0,72.3,89.35,41.89
HDPE Grid,148.08,1301.85,0.113,74.8,0,0,87.8,269.9,90.25
PLA Nonwoven,31.68,1028.41,1.029,91.8,0,100,67.4,89.26,35.83
PP Nonwoven,40.31,851.64,1.421,97.7,0,0,77.5,91.02,37.46
PP Woven,57.01,1312.05,0.337,94.7,0,0,82.5,145.69,68.97
PP Nonwoven,12.01,1067.82,1.781,92.4,30,0,76.4,38.88,14.61
Recycled PET Nonwoven,36.76,1112.49,1.115,93.3,100,0,68.5,130.65,37.99
Recycled PET Nonwoven,43.4,825.42,1.771,93.8,20,0,74.9,96.46,36.62
PP Woven,92.69,1329.87,0.241,94.5,10,0,77.5,383.13,136.53
PLA Nonwoven,14.05,820.48,1.737,91.2,30,100,77.2,59.92,26.94
PET Woven,104.77,1876.33,0.277,93,10,0,70.6,333.7,124.48
PP Woven,121.48,1622.02,0.219,85.6,10,0,73.9,382.72,121.58
HDPE Grid,192.99,1108.86,0.067,79,30,0,92.3,830.53,294.11
Glass Fiber Composite,159.27,954.26,0.09,73.5,10,0,93.9,240.15,114.08
PP Nonwoven,13.54,1352.18,0.903,96.8,10,0,70.7,38.43,11.62
PP Nonwoven,43.98,1382.03,1.413,96.6,10,0,69,110.47,49.42
Glass Fiber Composite,149.92,1333.87,0.199,81.3,30,0,82.8,488.22,159.15
PP Nonwoven,23.33,1150.98,1.347,94.4,0,0,65.3,104.57,41.3
PP Woven,60.65,1321.86,0.48,86.1,10,0,79,92.74,40.78
PET Woven,138.51,1986.58,0.317,92.3,30,0,73.6,456.91,204.3
HDPE Grid,198.76,1203.9,0.08,82.7,10,0,92,274.75,104.3
PP Nonwoven,39.07,1030.06,1.749,97.1,10,0,68.6,94.38,45.74
PP Woven,142.42,1671.45,0.294,88.6,30,0,79.5,277.2,135.65
Recycled PET Nonwoven,16.01,1056.72,1.017,91,100,0,79.2,23.46,9.86
PP Nonwoven,45.7,1369.56,1.132,96.3,10,0,77.7,201.92,96.48
PP Woven,124.36,1529.89,0.414,85.6,10,0,85,237.05,101.77
HDPE Grid,152.21,1000.83,0.147,80.1,10,0,92.6,249.51,115.8
Coir Woven,123.52,1914.69,0.386,92.9,0,100,74.8,363.95,130.16
PLA Nonwoven,45.68,1437.79,1.605,94.7,30,100,70.2,162.58,72.02
PP Woven,88.03,1525.64,0.314,93.3,0,0,72.6,342.43,170.5
PLA Nonwoven,33.46,1269.24,1.374,93.1,10,100,68.9,53.74,19.12
PP Nonwoven,49.9,1492.74,1.223,94.9,10,0,74.1,98.52,28.46
PP Woven,110.55,1310.41,0.254,93.1,30,0,78.7,202.37,98.04
PP Woven,66.45,1645.08,0.227,94.2,0,0,75.6,104.39,41.27
PP Woven,105.72,1609,0.327,87.1,10,0,71.8,463.11,168.45
Hybrid (PP+Coir),11.74,482.04,0.948,76.5,30,100,38.2,41.38,17.41
PP Woven,139.05,1291.93,0.202,88,30,0,73.9,454.61,212.71
PP Woven,139.33,1918.84,0.261,88.9,10,0,74.5,347.52,102.06
PP Nonwoven,10.06,1106.01,1.235,95.5,10,0,70.6,15.29,4.42
Glass Fiber Composite,139.5,1121.24,0.082,74.5,30,0,84,593.3,223.46
PP Nonwoven,32.66,922.18,0.858,97.6,30,0,73.1,78.75,25.73
HDPE Grid,98.49,1577.09,0.075,83.9,0,0,85.6,240.22,113.67
PP Nonwoven,39.41,1111.19,0.949,90.9,10,0,66.8,61.85,28.09
PP Woven,103.07,1720.58,0.245,85.4,10,0,85,438.39,211.44
Recycled PET Nonwoven,49.47,1140.31,1.149,93,60,0,69.9,126.7,35.97
PLA Nonwoven,38.38,1413.81,1.523,93.3,10,100,72.3,114.69,55.83
PP Nonwoven,38.83,1161.81,1.198,96.5,30,0,73.4,134.22,33.75
PP Nonwoven,27.49,1361.81,1.655,93.8,10,0,79.2,104.41,28.86
PP Woven,142.23,1303.72,0.393,91.3,0,0,79,476.2,126.85
PLA Nonwoven,24.58,831.38,0.983,95.8,0,100,74.1,93.91,30.86
PP Woven,109.92,1647.27,0.406,89.4,0,0,72.9,380.23,137.76
HDPE Grid,142.87,1489.53,0.136,83.8,30,0,80.8,234.92,104.53
PP Woven,116.21,1950.24,0.222,91.1,30,0,83,480.21,220.16
PP Nonwoven,39.49,811.45,0.999,94,0,0,65.8,63.05,27.49
PP Woven,79.8,1617.54,0.284,93.2,0,0,74.9,166.88,61.92
Hybrid (PP+Coir),26.04,685.46,1.144,80.8,30,100,35.1,33,11.67
PP Woven,65.03,1967.56,0.323,92.1,30,0,75.7,185.99,65.55
Hybrid (PP+Coir),20.34,655.69,0.739,74,10,100,25,51.54,16.86
PP Nonwoven,13.86,932.79,1.034,92.3,30,0,79.7,60.25,24.23
PP Woven,141.6,1439.3,0.369,91.5,0,0,80.2,480,206.39
Recycled PET Nonwoven,11.51,1153.27,1.074,96.2,100,0,69.3,28.34,9.31
PET Woven,131.04,1562.12,0.302,94.9,30,0,74.9,332.77,93.39
PP Woven,111.86,1619.06,0.452,92.7,30,0,83.6,246.09,119.02
PET Woven,129.59,1713.41,0.423,88.3,30,0,81.7,306.02,148.92
PP Nonwoven,46.59,1274.85,1.479,95.8,0,0,79.9,194.6,70.49
PP Woven,62.46,1823.93,0.494,88.3,30,0,73.5,162.29,57.85
PP Nonwoven,10.39,942.91,1.437,90.9,0,0,78.8,24.91,10.45
PP Woven,63.02,1319.25,0.499,93.1,30,0,70.6,89.52,29.09
PP Nonwoven,45.86,850.29,0.883,94.6,30,0,67.3,86.11,29.98
PP Nonwoven,19.74,1206.95,0.926,92.8,30,0,71.5,40.35,14.7
PET Woven,122.21,1998.12,0.418,87.1,30,0,83.3,364.3,131.9
PET Woven,103.38,1377.4,0.317,95,30,0,75.5,423.42,171.91
PP Nonwoven,11.51,1241.76,1.559,90.2,10,0,70.5,50.81,25.03
HDPE Grid,228.55,1155.9,0.216,71.9,0,0,81.5,505.86,239.6
PET Woven,149.46,1648.16,0.39,93.6,30,0,80,527.07,166.9
PP Nonwoven,30.06,1469.99,1.396,95.7,0,0,68.8,93.58,42.97
PLA Nonwoven,22.06,1416.3,0.827,97.8,0,100,66.7,78.62,20.4
Glass Fiber Composite,135.93,1136.41,0.067,72.3,0,0,85.4,288.39,133.78
PET Woven,81.85,1331.58,0.436,90,30,0,72.9,348.59,108.28
Glass Fiber Composite,200.29,1374.38,0.07,84.1,30,0,87.7,686.76,216.77
PP Nonwoven,44.96,1049.19,1.167,91.6,30,0,74.5,56.52,23.33
PP Nonwoven,42.29,1403.3,1.242,97.5,30,0,72.8,84.79,34.42
PLA Nonwoven,22.7,1117.02,1.207,97.7,30,100,71.9,87.63,43.5
PP Woven,60.34,1594.58,0.371,92.4,10,0,79,228.72,87.22
Glass Fiber Composite,171.13,1406.31,0.144,78.5,10,0,82.4,315.07,101.98
PP Woven,96.54,1554.54,0.431,89.1,10,0,73.3,230.91,106.95
PP Woven,74.77,1357.26,0.331,85.8,30,0,75.6,202.58,69.01
HDPE Grid,239.01,1466.31,0.209,76,10,0,88.1,900.28,278.84
PP Woven,56.31,1751.26,0.314,89.1,0,0,73.9,108.41,33.42
PET Woven,115.74,1566.82,0.249,91.8,30,0,74.5,320.51,113.23
PP Nonwoven,20.05,1199.85,1.434,90.3,30,0,66.2,61.65,22.79
PET Woven,88.68,1724.95,0.302,88.2,0,0,74.9,340.91,149.82
Hybrid (PP+Coir),13.53,629.32,0.77,78.9,0,100,33.7,24.02,8.7
PP Nonwoven,10.37,1217.94,1.301,96.6,30,0,73,18.05,6.93
Recycled PET Nonwoven,33.28,818.03,1.102,96.7,20,0,77.4,48.67,17.01
PET Woven,53.67,1772.32,0.292,90.5,0,0,77.8,221.16,99.97
PP Woven,130,1382.75,0.216,86.9,30,0,81.2,313.12,116.83
PP Nonwoven,41.24,995.8,1.242,92.7,30,0,71.5,91.97,27.86
Hybrid (PP+Coir),11.64,420.7,1.065,82.1,30,100,38.8,42.83,19.58
HDPE Grid,134.77,1337.5,0.205,79.4,10,0,82,312.45,104.04
Recycled PET Nonwoven,30.66,1069.5,1.042,94.2,20,0,75.8,58.21,27.18
PET Woven,71.23,1749.71,0.429,85.9,10,0,77.3,113.22,45.33
PP Nonwoven,12.85,1467.36,1.152,95.2,0,0,67,39.34,11.9
PET Woven,54.32,1411.96,0.402,94.2,0,0,81.6,77.91,30.9
Recycled PET Nonwoven,29.16,1494.83,0.839,95.9,60,0,71.1,94,33.38
PLA Nonwoven,27.43,1413.77,1.242,92.9,30,100,78.5,118.97,35.8
PP Nonwoven,44.97,1064.51,1.666,96.3,10,0,78.2,140.14,49.78
Hybrid (PP+Coir),28.14,475.09,1.006,75.2,30,100,25.9,126.06,35.97
PET Woven,124.07,1615.75,0.409,90.8,0,0,73.8,324.07,115.61
PP Nonwoven,19.33,1136.71,0.902,93.4,30,0,68.9,51.51,21.16
PET Woven,55.28,1462.06,0.419,92.4,10,0,83.9,114.87,54.21
Glass Fiber Composite,133.83,1313.68,0.133,74.7,30,0,80.5,411.08,148.32
Recycled PET Nonwoven,45.08,945.28,1.794,93.6,100,0,73.7,81.95,40.04
PET Woven,103.46,1707.3,0.418,90.7,30,0,76.7,284.6,116.97
Recycled PET Nonwoven,39.28,843.23,1.095,91.8,0,0,77.5,111.28,52.42
Glass Fiber Composite,127.11,956.93,0.296,84.5,0,0,81.2,530.53,225.23
PET Woven,109.84,1737.23,0.401,91,10,0,83.5,331.14,110.68
PET Woven,131.86,1317.57,0.234,92.7,10,0,77,394.76,175.82
PP Nonwoven,29.99,1442.87,1.038,96.6,0,0,75.1,103.9,43.19
Hybrid (PP+Coir),17.31,506.67,0.624,78.5,30,100,27.6,24.96,6.34
PET Woven,55.88,1907.62,0.395,91.1,10,0,75.2,136.38,46.82
PP Woven,116.68,1860.88,0.251,87.5,10,0,70.7,426.01,179.93
PLA Nonwoven,10.38,1240.05,0.923,91,0,100,68.5,41.25,10.95
Recycled PET Nonwoven,11.32,1298.79,1.219,96.9,40,0,78.7,45.41,21.41
Recycled PET Nonwoven,45.25,1333.68,1.761,95.2,20,0,78.4,187.76,74.78
PP Woven,148.37,1953.2,0.243,92.3,30,0,71.3,539.09,209.73
Recycled PET Nonwoven,35.97,1071.16,0.9,96.4,0,0,76,120.59,38.09
PP Woven,95.67,1613.85,0.309,92.7,30,0,79,345.01,136.49
PET Woven,127.49,1759.28,0.472,92,10,0,75.4,492.61,211.09
PLA Nonwoven,31.1,1366.64,0.801,93.9,30,100,78.9,84.92,27.76
PP Woven,79.35,1735.09,0.356,94.6,30,0,83.3,152.37,43.26
HDPE Grid,175.93,1142.95,0.115,78.9,10,0,89,753.89,296.94
PP Woven,130.3,1921.92,0.378,94.4,10,0,78.4,189.68,75.56
PP Nonwoven,15.15,1192.83,1.002,90.2,30,0,77.2,45.72,13.86
HDPE Grid,87.53,1025.95,0.267,73.9,10,0,88.9,265.78,75.32
PP Nonwoven,49.72,1443.97,1.662,94.4,30,0,68.7,150.42,48.86
PP Nonwoven,22.33,881.27,1.689,94.2,0,0,78.5,67.28,22.04
HDPE Grid,210.96,1036.04,0.214,70.1,0,0,82.7,865.83,228.72
Glass Fiber Composite,210.94,1323.65,0.084,72.3,30,0,82,632.6,279.36
Recycled PET Nonwoven,40.05,804.68,1.326,93.6,60,0,75.8,147.5,46.87
PP Woven,101.79,1292.99,0.414,88.4,0,0,76.1,283.89,117.6
Recycled PET Nonwoven,16.16,1047.27,1.631,97.8,100,0,78.7,33.33,14.78
PET Woven,75.29,1534.05,0.391,87.9,30,0,71.8,109.47,41.01
PLA Nonwoven,13.87,1086.96,1.066,91.9,0,100,76.9,49.53,14.91
Recycled PET Nonwoven,35.44,1280.62,1.244,96.9,60,0,69.9,90,34.62
Glass Fiber Composite,85.48,1216.4,0.267,83.4,10,0,82,288.06,105.97
PP Nonwoven,16.97,1015.46,1.5,97.3,30,0,77.8,49.1,17.43
PP Nonwoven,18.13,1446.67,1.255,95.8,0,0,76,73.25,29.74
PLA Nonwoven,28.44,831.06,1.514,95.5,10,100,66.7,115.31,43.61
Coir Woven,95.25,1292.77,0.299,88,10,100,79.6,197.09,58.37
PET Woven,72.3,1253.09,0.473,89.4,10,0,73.7,170.17,77.91
PP Nonwoven,28.59,1076.78,1.138,98,30,0,70.3,61.31,30.49
PP Nonwoven,22.67,1107.54,1.57,91.5,0,0,68.8,69.43,24.19
Glass Fiber Composite,121.73,1474.51,0.275,78.4,10,0,91.6,332.05,165.99
PP Nonwoven,11.59,1004.06,1.097,90.8,10,0,67.9,20.39,7.15
PLA Nonwoven,24.02,1497.15,1.213,92.3,0,100,72.3,84.2,24.54
PP Woven,141.68,1248.72,0.443,88.4,10,0,84,246.61,72.82
PP Nonwoven,26.03,1462.92,1.631,97.9,10,0,69.5,70.56,19.74
PP Woven,115.4,1929.08,0.398,86.5,0,0,80.1,241.6,72.05
PP Woven,148.98,1631.46,0.411,90.7,0,0,70.9,579.36,196.38
Glass Fiber Composite,247.47,1520.07,0.192,83.6,30,0,84.6,722.42,236.89
PET Woven,107.29,1652.09,0.293,93,30,0,76.8,438.33,198.23
HDPE Grid,137.69,1369.84,0.287,70.3,30,0,92.9,327.92,157.12
HDPE Grid,115.23,1570.92,0.295,81.9,10,0,90,389.16,193.96
PP Nonwoven,30.15,1151.77,1.637,94.4,30,0,69.6,72.44,35.53
PP Nonwoven,28.38,1424.75,1.052,97.1,30,0,69.7,77.44,20.18
PET Woven,51.05,1359.91,0.437,92.6,0,0,79,194.74,73.68
PP Nonwoven,32,1468.12,1.014,96.3,10,0,70.5,71.92,33.18
PLA Nonwoven,32.94,1190.42,1.002,97.3,30,100,71.8,135.03,59.64
PET Woven,65.52,1838.64,0.305,89.9,10,0,83.2,282.59,126.45
PP Woven,86.85,1657.23,0.445,87.4,10,0,77.4,255.36,99.46
PET Woven,77.2,1469.93,0.396,90.3,10,0,73.4,341.66,105.46
PP Woven,134.26,1641.54,0.276,90.5,0,0,70.8,586.47,170.78
Recycled PET Nonwoven,15.75,1406.08,0.831,96.1,20,0,77,26.79,8.69
PET Woven,91.67,1451.76,0.309,87.7,0,0,81.8,309.15,127.6
HDPE Grid,92.88,1315.16,0.08,72.6,10,0,88.9,397.83,103.51
PP Nonwoven,16.95,1367.44,1.418,90.2,30,0,73.5,29.3,9.37
HDPE Grid,212.15,1489.99,0.065,73.5,10,0,92.3,923.95,386.82
Coir Woven,84.17,1986.7,0.207,94.3,30,100,82.1,199.02,56.35
Recycled PET Nonwoven,37.46,853.68,1.766,92.8,100,0,69.6,64.43,18.62
Glass Fiber Composite,164.4,957.85,0.142,76,10,0,83.5,358.44,100.21
PET Woven,69.78,1312.62,0.398,90.5,10,0,78,115.5,30.81
Recycled PET Nonwoven,44.54,1401.67,0.979,93.9,100,0,76.6,171.38,58.55
PP Nonwoven,31.44,1092.42,1.364,97.2,10,0,76.9,83.18,24.17
PP Nonwoven,31.93,1187.28,1.618,92.8,30,0,72.3,125.94,37.6
HDPE Grid,192.26,1156.23,0.276,78.8,10,0,89,855.59,275.48
PET Woven,66.25,1825.21,0.214,91.1,10,0,79.2,198.49,55.94
Recycled PET Nonwoven,25.52,1330.86,0.865,97.4,0,0,67.3,78.36,36.98
HDPE Grid,115.89,1435.56,0.19,73.5,30,0,91.6,162.88,50.84
Recycled PET Nonwoven,22.27,1038.57,0.864,93.4,80,0,69.1,85.05,36.93
Coir Woven,131.14,1837.56,0.409,93.5,0,100,81.9,485.59,229.54
PP Woven,73.96,1711.35,0.42,94.1,10,0,80.3,314.46,105.98
PP Nonwoven,38.35,926.54,1.179,96.1,10,0,78.1,69.26,23.39
HDPE Grid,235.55,1168.74,0.081,79.9,10,0,90.6,639.4,279.68
Recycled PET Nonwoven,40.35,1330.35,1.556,91.1,60,0,70.1,99.88,34.58
PP Nonwoven,42.08,1319.1,1.262,92.5,10,0,68.1,87.02,22.13
PP Nonwoven,44.21,845.77,1.22,97.5,0,0,76.9,105.19,29.46
PP Nonwoven,30.48,1286.45,1.203,93.7,30,0,73.9,131.52,45.61
PP Nonwoven,43.7,813.69,1.251,91.5,10,0,77,79.66,22.75
Glass Fiber Composite,101.8,1471.51,0.281,82.6,30,0,93.7,242.27,96.71
Glass Fiber Composite,234.97,1280.41,0.222,74.4,0,0,84.3,333.17,141.23
PET Woven,141.34,1733.5,0.263,93.1,0,0,76.8,328.67,130.72
Coir Woven,102.57,1650.46,0.289,91.7,0,100,75.4,322.87,86.15
HDPE Grid,219.93,1203.15,0.265,71.4,30,0,91,314.46,102.22
PP Woven,140.18,1628.17,0.434,89.3,30,0,70.9,292.76,102.19
PP Woven,98.96,1445.41,0.497,89.6,0,0,72.3,433.99,123.5
PET Woven,108.56,1644.87,0.497,87.6,30,0,76.3,314.94,153.49
PET Woven,124.25,1859.65,0.217,86.4,0,0,82.6,424.25,176.03
PP Nonwoven,43.15,1170.42,1.262,93.1,10,0,79.9,66.92,31.89
PET Woven,90.73,1533.66,0.287,85.2,0,0,81.7,291.6,140.72
PET Woven,127.65,1623.39,0.303,93.5,30,0,74.6,449.46,189.98
PET Woven,147.5,1654.66,0.364,95,10,0,80.8,522.95,181.69
PP Nonwoven,16.75,837.91,1.338,97.6,10,0,78.5,73.51,24.2
PP Nonwoven,13.07,1418.69,1.746,94,0,0,67.1,49.21,23.3
PP Nonwoven,17.76,1032.15,1.512,91.9,0,0,73.1,42.38,17.32
Recycled PET Nonwoven,39.54,1146.75,0.975,92.7,80,0,68.3,145.36,55.2
Glass Fiber Composite,150.66,968.51,0.2,81.4,10,0,83.5,612.83,287.2
PP Nonwoven,11.46,1484.22,1.093,96,30,0,67.5,22.19,7.19
HDPE Grid,116.3,1004.03,0.258,78.4,0,0,91,389.37,106.5
Glass Fiber Composite,218.73,1133.93,0.07,70.7,0,0,89.9,732.35,229.93
PP Nonwoven,15.15,1297.95,0.904,90.8,10,0,66.3,61.86,15.78
Hybrid (PP+Coir),14.18,538.78,0.81,75.5,10,100,31.4,50.75,18.14
PP Nonwoven,33.96,907.67,1.443,96,10,0,70,149.2,64
Coir Woven,96.3,1880.9,0.382,89.7,30,100,74.5,404.75,121.74
PP Nonwoven,24.19,1330.27,1.527,91.2,0,0,67.6,100.65,27.92
PP Woven,80.48,1778.06,0.436,90.5,10,0,84.7,215.04,60.73
PP Nonwoven,37.8,1128.38,1.214,97.4,10,0,77.9,63.62,30.45
Recycled PET Nonwoven,24.12,1145.8,1.563,97.6,40,0,71.4,82.19,25.09
HDPE Grid,197.27,1353.13,0.271,84.2,30,0,94.4,324.53,130.04
PP Woven,50.27,1218,0.338,92.3,30,0,80.2,150.32,56.06
PET Woven,107.06,1653.35,0.33,86.4,0,0,81.6,373.95,134.48
Coir Woven,100.74,1481.08,0.469,93.5,30,100,82.5,161.33,44.96
HDPE Grid,209.62,1211.24,0.277,71.8,10,0,84.7,467.9,164.59
